"Hendrix 2017, use mean of percent_suitable to assign area to south delta, use area_acres vs flow for North delta",,,,,
Date,Year,Month,flow_cfs,percent_suitable,area_acres
12692,1934,9,3770.7900248407,0.119687494,379
12723,1934,10,3795.1480855109,0.1197027921,380
28276,1977,5,4228.473086459,0.1021317171,334
33542,1991,10,4229.1360609925,0.1132871861,363
33177,1990,10,4248.4226038664,0.1132871861,363
28429,1977,10,4262.6245223851,0.1132871861,363
12358,1933,10,4307.4378756921,0.1132871861,363
11596,1931,9,4333.3676876327,0.1132871861,363
11627,1931,10,4339.6763524917,0.1132871861,363
33908,1992,10,4364.4072656724,0.1132871861,363
32447,1988,10,4413.3072734944,0.1131374094,363
9040,1924,9,4444.5521797254,0.1124414465,362
12662,1934,8,4483.0965706538,0.1087610359,351
12327,1933,9,4489.6339620942,0.1124414465,362
11993,1932,10,4494.1038166528,0.1125013923,362
10897,1929,10,4494.1118175914,0.1124414465,362
10866,1929,9,4517.0694639336,0.1118446672,361
33938,1992,11,4594.391692819,0.1032999127,337
33207,1990,11,4638.0051743591,0.1031627521,337
12388,1933,11,4652.2431036199,0.1031627521,337
33511,1991,9,4659.6884421932,0.1118446672,361
34638,1994,10,4669.3712300421,0.1118446672,361
28459,1977,11,4714.6342204566,0.1025569087,335
11657,1931,11,4727.3114357365,0.1025569087,335
33572,1991,11,4792.4238660498,0.1025569087,335
28033,1976,9,4801.4853776358,0.1093131978,355
10927,1929,11,4802.2897854407,0.1025569087,335
28398,1977,9,4830.5374092176,0.1093131978,355
32416,1988,9,4844.8632267332,0.1113551197,360
9071,1924,10,4924.2770616846,0.1093131978,355
8918,1924,5,4980.9244752162,0.0982941971,326
12023,1932,11,5024.0185831311,0.1001078966,330
11474,1931,5,5072.376028709,0.0963764364,322
33146,1990,9,5116.0325702556,0.1077116382,352
10836,1929,8,5190.7367393716,0.0990613829,328
32386,1988,8,5265.5182631409,0.0991626905,329
11566,1931,8,5298.3978247781,0.0991626905,329
8948,1924,6,5331.2445660934,0.0991626905,329
11504,1931,6,5331.5124274689,0.0991626905,329
33269,1991,1,5392.8553905302,0.092936359,315
28003,1976,8,5445.3580298563,0.0815792021,278
20332,1955,8,5473.7403682968,0.0972432937,324
32050,1987,9,5501.1774926047,0.1069962799,352
28306,1977,6,5541.7883466702,0.0973903221,325
9801,1926,10,5560.1101429763,0.0964069575,323
9101,1924,11,5572.6325648039,0.0959057258,322
33603,1991,12,5593.3446341209,0.075827965,263
23650,1964,9,5623.6458372838,0.1064834255,350
28368,1977,8,5623.8929455211,0.0904620932,305
33877,1992,9,5649.0172818378,0.1064834255,350
16376,1944,10,5658.6802682229,0.096620669,324
33054,1990,6,5662.4428805749,0.0969001502,324
23681,1964,10,5671.6706661484,0.096620669,324
11262,1930,10,5677.0612674454,0.0896635715,303
32081,1987,10,5689.0687125493,0.0966063242,324
14518,1939,9,5691.8134078239,0.1064834255,350
14549,1939,10,5707.027279752,0.0961198901,323
16315,1944,8,5726.6027120942,0.0905192105,305
9436,1925,10,5728.277056944,0.0966063242,324
17440,1947,9,5776.9468081576,0.1064696924,351
37164,2001,9,5778.2018402989,0.1064696924,351
34668,1994,11,5778.2774575243,0.1028773401,342
33238,1990,12,5793.4211283563,0.075547121,267
18202,1949,10,5800.6528438827,0.0961198901,323
28064,1976,10,5837.5948853724,0.0995938022,336
32020,1987,8,5842.1254740595,0.0900313867,304
11292,1930,11,5850.2963061286,0.0924842426,314
9770,1926,9,5869.8294334041,0.1064885381,351
32873,1989,12,5873.7798325622,0.0917493312,312
32111,1987,11,5886.6070165542,0.0926463249,315
12631,1934,7,5933.5275475956,0.0969699074,325
37195,2001,10,5943.4283743553,0.0988417793,334
11932,1932,8,5948.6575738111,0.1064885381,351
32842,1989,11,5954.9295737257,0.092701062,316
37560,2002,10,5964.2803303246,0.0995938022,336
14579,1939,11,5964.5882437993,0.092701062,316
27941,1976,6,5967.6748236499,0.0900275713,304
21854,1959,10,5977.4040219205,0.0995844094,336
22585,1961,10,5994.4210074712,0.0995938022,336
8979,1924,7,5999.228427924,0.0969699074,325
23620,1964,8,5999.7881665276,0.0892333736,303
13788,1937,9,6005.7677938221,0.1099924595,364
33024,1990,5,6007.5283700888,0.0748665556,265
32233,1988,3,6029.0189979331,0.0770892709,270
22220,1960,10,6035.2658952139,0.0996078809,336
16345,1944,9,6053.2120728724,0.1092093002,362
31351,1985,10,6053.5759798809,0.0996078809,336
13819,1937,10,6064.9815543462,0.0996078809,336
11535,1931,7,6074.2671182873,0.0966862145,324
34515,1994,6,6089.7886524386,0.090041156,305
20393,1955,10,6116.85459174,0.0996078809,336
12266,1933,7,6187.5113655757,0.0959523885,322
16741,1945,10,6215.3032416186,0.0988753598,334
11323,1930,12,6249.8910326911,0.0904137547,309
37134,2001,8,6260.9335226411,0.0951091917,321
24411,1966,10,6262.0386405871,0.0988568264,334
28337,1977,7,6264.167243439,0.0951091917,321
13484,1936,11,6292.1073318037,0.0904395604,310
21915,1959,12,6302.6376479066,0.0904137547,309
11962,1932,9,6312.9496951798,0.1086120892,360
33481,1991,8,6398.0354999431,0.0879776013,300
13118,1935,11,6469.033864438,0.0904395604,310
33389,1991,5,6488.2456907995,0.0734268539,262
8735,1923,11,6516.8899707979,0.0902312204,310
9466,1925,11,6522.0485863547,0.0902312204,310
8705,1923,10,6527.5707178209,0.0966981438,329
18141,1949,8,6541.1550292969,0.0982843821,333
28125,1976,12,6546.8305545548,0.0893690408,308
18171,1949,9,6548.6505352131,0.1061262705,354
8887,1924,4,6550.9723575925,0.0697709387,254
33847,1992,8,6576.0467280416,0.1006287115,337
26572,1972,9,6585.0684458909,0.0993575559,333
9010,1924,8,6591.9434992226,0.1008845441,337
20362,1955,9,6642.7697208738,0.1058050166,353
8766,1923,12,6691.4555213706,0.0893690408,308
22615,1961,11,6701.2685143925,0.0891766741,308
17471,1947,10,6706.7306394114,0.0958095001,326
22189,1960,9,6742.4594371018,0.1058050166,353
12297,1933,8,6760.3624469053,0.1073034291,357
13088,1935,10,6763.4770910763,0.0955931821,326
11413,1931,3,6775.6516563638,0.0698407833,259
29159,1979,10,6831.5645147527,0.0888058611,305
14610,1939,12,6864.4920523931,0.0886276149,306
17410,1947,8,6875.8699963023,0.0970299293,329
22554,1961,9,6892.6749397945,0.1055770595,353
31593,1986,6,6905.9370662356,0.0718444738,260
9375,1925,8,6922.9779111992,0.0954522784,325
33419,1991,6,6937.6823801578,0.0955931821,326
29890,1981,10,6959.6997710293,0.0888058611,305
11201,1930,8,7002.0725062102,0.0953801354,325
26603,1972,10,7015.2856469016,0.0946967814,324
33116,1990,8,7104.4033771996,0.0886016519,305
28094,1976,11,7133.9809617719,0.0899182552,312
17532,1947,12,7177.1300487333,0.0899182552,312
28215,1977,3,7192.5079357555,0.0716021844,267
29859,1981,9,7205.1669471519,0.1042830904,351
10805,1929,7,7232.4323398627,0.0950732803,325
34607,1994,9,7270.7467692847,0.1040779228,350
9497,1925,12,7271.4991490633,0.0894990296,311
31320,1985,9,7295.6872736366,0.1040779228,350
37529,2002,9,7308.0010073764,0.1040779228,350
18263,1949,12,7311.2581206387,0.0894990296,311
12205,1933,5,7321.2048813903,0.0716021844,267
10744,1929,5,7339.8630039252,0.0714469163,267
16710,1945,9,7352.4126023969,0.1040779228,350
25142,1968,10,7363.1389420889,0.0941819773,323
9740,1926,8,7397.630070066,0.0948764877,324
24380,1966,9,7400.0779993743,0.1059718208,358
21884,1959,11,7403.958019664,0.0894990296,311
28156,1977,1,7456.9528642673,0.074453223,271
16223,1944,5,7467.5356350501,0.0750097505,288
12784,1934,12,7510.5657070123,0.0967008265,335
17867,1948,11,7540.283617927,0.0892965856,311
9405,1925,9,7548.6353653102,0.1057931046,358
32812,1989,10,7591.7827029923,0.0958890585,331
15887,1943,6,7602.3308010657,0.0753717467,267
37590,2002,11,7603.1824014905,0.0892965856,311
28245,1977,4,7634.8867803777,0.0715379107,269
34485,1994,5,7658.7917148627,0.0720536942,272
18232,1949,11,7674.5703670168,0.0898171757,314
29737,1981,5,7715.9808314055,0.0720536942,272
33816,1992,7,7722.5565102587,0.0934248374,321
32477,1988,11,7726.1932503413,0.0814353044,288
12054,1932,12,7751.7010746928,0.073646579,268
10713,1929,4,7752.3124194099,0.0707236714,271
12570,1934,5,7760.2096907236,0.0713460348,268
11231,1930,9,7775.5694544524,0.1053770558,357
13758,1937,8,7794.0607056849,0.0965629772,328
14426,1939,6,7843.0040982441,0.0690520308,252
10774,1929,6,7859.6588478459,0.0682037983,254
32294,1988,5,7915.1168272148,0.070567708,265
37225,2001,11,7916.3632243629,0.0768313037,276
13454,1936,10,7938.4100424757,0.0953259819,330
8857,1924,3,7939.641215204,0.07001301,273
32508,1988,12,7964.2113262288,0.0899589194,318
34577,1994,8,7982.4185139184,0.0934423585,322
31777,1986,12,7983.0157221822,0.0897716777,317
23558,1964,6,8012.0769754058,0.0680376835,254
29829,1981,8,8019.6602818758,0.0953427958,330
13515,1936,12,8025.5610920434,0.0897716777,317
10532,1928,10,8101.9536867605,0.06990012,262
28184,1977,2,8101.9815567165,0.0722162702,276
12235,1933,6,8107.5756883344,0.0678916461,253
17501,1947,11,8109.3155434618,0.0891450406,313
17837,1948,10,8112.2968015208,0.0958193715,333
11443,1931,4,8120.0748065837,0.070344721,272
32567,1989,2,8123.706066539,0.0752649762,293
22159,1960,8,8135.6746600994,0.0984750332,336
12600,1934,6,8164.1155828087,0.0677417829,253
31989,1987,7,8167.8814400979,0.0783370936,275
32324,1988,6,8168.9126450622,0.0677417829,253
14365,1939,4,8209.0859588327,0.0671700371,264
13149,1935,12,8229.7142037697,0.0897530269,318
22524,1961,8,8262.7123786408,0.0886510526,310
11109,1930,5,8275.5842593295,0.0703485568,272
32355,1988,7,8293.8467602776,0.0933719834,322
16192,1944,4,8314.8788801767,0.0689373777,275
21731,1959,6,8335.8613613092,0.0675673386,252
16071,1943,12,8372.4006726904,0.090899874,323
33634,1992,1,8387.7579167931,0.0798182162,291
33785,1992,6,8388.911407767,0.0675673386,252
22401,1961,4,8389.6344077101,0.0703485568,272
29525,1980,10,8391.8738504058,0.0695865786,257
22462,1961,6,8424.5138259443,0.0675673386,252
37042,2001,5,8434.5665792817,0.0720499528,276
22067,1960,5,8444.0582310945,0.0701837875,272
34273,1993,10,8500.2262946564,0.0701960974,261
37103,2001,7,8501.3559025144,0.0802213595,284
33755,1992,5,8550.727112409,0.0720499528,276
29098,1979,8,8574.8061310111,0.0957898026,334
20423,1955,11,8576.6526921837,0.0826290507,297
20270,1955,6,8588.0474983882,0.0705329238,267
31381,1985,11,8619.7220281212,0.0909074364,323
35611,1997,6,8628.6525973718,0.0694239891,257
18567,1950,10,8666.5466616732,0.0961462388,338
24958,1968,4,8667.0619003148,0.0723658643,289
36830,2000,10,8680.6050705401,0.0705678518,265
22677,1962,1,8682.880046363,0.0756294668,281
31198,1985,5,8695.4265278937,0.0694912354,274
21001,1957,6,8726.7352946754,0.0694239891,257
27880,1976,4,8737.0272726411,0.0757494033,297
12753,1934,11,8747.6497743477,0.074740788,277
31897,1987,4,8766.2858981531,0.066855011,266
29402,1980,6,8819.9763989495,0.0729049908,281
18809,1951,6,8851.4765293158,0.0695858802,258
20179,1955,3,8890.158904733,0.0710160482,276
36891,2000,12,8898.6402410118,0.0914013444,327
33724,1992,4,8924.2512657388,0.0708175994,280
33450,1991,7,8932.5785326911,0.095141992,332
14276,1939,1,8967.7780666907,0.0743433795,285
37437,2002,6,8977.0727704983,0.0729013696,267
14915,1940,10,8993.4996278633,0.070577995,268
21670,1959,4,9005.8255129324,0.0735860799,295
10593,1928,12,9007.2819824219,0.093077277,334
22827,1962,6,9020.1875829604,0.0702136439,262
8582,1923,6,9025.847632547,0.070043167,265
20240,1955,5,9039.3645683215,0.0703109069,279
9678,1926,6,9040.0406174151,0.075956597,274
24989,1968,5,9088.3384997914,0.0676811661,270
17106,1946,10,9131.6686111006,0.0707919612,266
14335,1939,3,9193.5613764791,0.0736380795,297
20209,1955,4,9210.61240424,0.0729994252,293
23497,1964,4,9220.0661787015,0.0676811661,270
14488,1939,8,9222.8723381561,0.0954542068,336
31716,1986,10,9244.2334197702,0.0657542341,260
37802,2003,6,9280.0267251024,0.0764978377,279
23467,1964,3,9284.9604207752,0.0732362472,283
21701,1959,5,9292.5185949826,0.0676811661,270
17318,1947,5,9311.2792352473,0.0713773583,279
26450,1972,5,9322.2120752427,0.0746057469,293
22432,1961,5,9323.4305455476,0.0758822442,299
26542,1972,8,9334.160642161,0.0969537763,343
13057,1935,9,9337.9384931546,0.0996188604,348
35246,1996,6,9338.2743429536,0.0695866127,263
24288,1966,6,9346.7197313031,0.0703202435,264
29128,1979,9,9365.9665219205,0.0991381941,347
18079,1949,6,9421.8257641839,0.0701542917,267
34424,1994,3,9424.7788773324,0.0748305984,290
30863,1984,6,9433.9877431925,0.070680357,270
32993,1990,4,9435.5835434997,0.0684323135,274
31958,1987,6,9455.4175871321,0.0695798054,263
13331,1936,6,9459.0850913039,0.0701542917,267
10166,1927,10,9471.8385993439,0.0716064687,274
25872,1970,10,9472.9397944478,0.0677413262,270
13423,1936,9,9478.0789960843,0.0960497279,340
15157,1941,6,9484.506361878,0.0659497476,261
28671,1978,6,9492.8220522982,0.0688205381,265
25172,1968,11,9527.118638122,0.075270888,281
25688,1970,4,9542.9492471936,0.0659714565,270
37011,2001,4,9561.0878242567,0.0737256067,297
34911,1995,7,9563.9811419145,0.0699725048,278
32751,1989,8,9582.0341109489,0.0960497279,340
19905,1954,6,9594.536256068,0.0724486638,269
17929,1949,1,9601.7547808897,0.0736658499,287
17287,1947,4,9612.2298856569,0.068051215,273
27790,1976,1,9615.8642815155,0.0721333473,279
12174,1933,4,9619.2309238471,0.068051215,273
21823,1959,9,9642.595065515,0.0904228459,324
17198,1947,1,9659.278133059,0.0731818546,285
31290,1985,8,9662.1659208131,0.0960497279,340
31928,1987,5,9662.5586079718,0.0755058626,298
11901,1932,7,9663.1158767256,0.0942647683,333
25507,1969,10,9673.9702290655,0.0718630491,288
37499,2002,8,9691.8179990898,0.0813045013,294
12539,1934,4,9694.9598803474,0.068051215,273
17592,1948,2,9700.8625109034,0.0701136143,285
22797,1962,5,9726.0431346708,0.0698137869,284
11870,1932,6,9729.8081102094,0.0708905342,282
26419,1972,4,9779.0065657236,0.0733387776,296
10379,1928,5,9802.8543167855,0.0725335549,294
14396,1939,5,9811.1656031933,0.0733387776,296
16983,1946,6,9820.3461558518,0.0689566393,268
22919,1962,9,9828.4020036123,0.0993028372,349
23376,1963,12,9835.3709562728,0.0905133248,327
8674,1923,9,9843.9311594546,0.0966545676,344
25019,1968,6,9856.9253735589,0.0696382298,266
32263,1988,4,9865.8287507585,0.0748878153,303
16253,1944,6,9867.5755840413,0.0707206056,273
9313,1925,6,9878.4765150941,0.071088649,272
32689,1989,6,9880.7364087151,0.0767473097,282
16588,1945,5,9902.5225107138,0.0584248063,240
33085,1990,7,9911.3354255158,0.0953467832,338
26968,1973,10,9927.4473319933,0.0720017038,277
11139,1930,6,9951.4423448878,0.071088649,272
18932,1951,10,9972.0781368515,0.0720017038,277
17348,1947,6,9981.9319392825,0.0706583128,271
14792,1940,6,9995.4595082107,0.0692071701,265
37407,2002,5,10020.2213288835,0.0711236303,290
23923,1965,6,10022.6021242605,0.0703044304,274
36707,2000,6,10025.4120003413,0.0705985824,267
9163,1925,1,10032.7989632319,0.0722544656,285
8491,1923,3,10050.8654429612,0.0740798581,301
31228,1985,6,10054.1936675137,0.0692071701,265
28794,1978,10,10063.0703646465,0.0715249695,272
23528,1964,5,10072.0749914669,0.0691457078,279
8005,1921,11,10084.7325024651,0.0735886008,280
18049,1949,5,10085.3190799454,0.0711472422,290
34942,1995,8,10087.8853819023,0.0962381342,343
37072,2001,6,10103.4066766535,0.0704297731,270
11809,1932,4,10112.710411294,0.0663416663,273
25749,1970,6,10113.2851372876,0.0684558927,267
18444,1950,6,10114.5034961886,0.0730248641,287
35734,1997,10,10140.9131570464,0.0704322437,281
24684,1967,7,10142.1866538039,0.0684620788,267
20028,1954,10,10152.2591446071,0.0713438357,275
34212,1993,8,10167.655524689,0.0962979167,343
16618,1945,6,10185.3443947209,0.0726046898,285
29767,1981,6,10188.9968759481,0.0704352178,270
26480,1972,6,10204.7365438221,0.0715058732,277
30833,1984,5,10211.4496122194,0.0663638526,273
32963,1990,3,10221.6798439396,0.0735964532,300
34454,1994,4,10225.315680939,0.0744018743,302
27972,1976,7,10254.3587587227,0.080708866,292
32781,1989,9,10258.5658444895,0.0914729077,330
17806,1948,9,10265.6691870828,0.0977352263,349
30194,1982,8,10273.9836923544,0.0960666332,342
14184,1938,10,10278.7561888463,0.0670002191,268
22250,1960,11,10293.1176094129,0.0727566299,284
25111,1968,9,10296.1445134728,0.0977352669,349
13393,1936,8,10314.8670215792,0.0960666332,342
8644,1923,8,10322.3902884178,0.0954791102,341
15280,1941,10,10324.1003868325,0.0676705843,272
13027,1935,8,10343.5804075963,0.0895754399,322
16953,1946,5,10344.8403652154,0.0620264255,256
36341,1999,6,10347.0348670737,0.0696645004,272
22097,1960,6,10397.7001028709,0.0701783463,269
16010,1943,10,10408.1865566217,0.0702807131,281
18018,1949,4,10420.9501953125,0.0661634931,272
20940,1957,4,10421.3360275713,0.0603593391,250
18506,1950,8,10449.576458681,0.0890039258,321
16680,1945,8,10450.2115502219,0.0952348002,340
12509,1934,3,10451.0040532084,0.0697169795,286
32539,1989,1,10453.5703030188,0.0717487692,284
10683,1929,3,10453.7994823271,0.0734658602,299
27911,1976,5,10519.4997345267,0.068663667,277
8797,1924,1,10527.5996164859,0.0717487692,284
33297,1991,2,10531.5084382585,0.0650834927,269
18536,1950,9,10544.2902760922,0.0906745178,328
9132,1924,12,10583.4862807191,0.0712797298,287
10409,1928,6,10588.4719285687,0.0720384708,280
25719,1970,5,10596.9461278823,0.0663100088,273
35581,1997,5,10655.0461686514,0.0599368272,249
24107,1965,12,10710.5351846936,0.0740673943,285
25446,1969,8,10712.0400817279,0.0968991342,347
19237,1952,8,10716.3456699408,0.0968991342,347
11078,1930,4,10717.6127929688,0.0695204842,285
10624,1929,1,10720.0958263805,0.0776305943,310
27210,1974,6,10794.0045651927,0.0743004882,294
24776,1967,10,10803.3488176957,0.0740691995,301
24258,1966,5,10806.082382054,0.069095323,283
9587,1926,3,10827.5517104066,0.0680088737,281
23985,1965,8,10864.1101666793,0.096510322,346
17136,1946,11,10874.7829423923,0.0728776872,297
27637,1975,8,10886.2957704414,0.0964200921,346
33358,1991,4,10898.8031515473,0.0699796052,287
12996,1935,7,10907.5265141459,0.0805409354,294
13727,1937,7,10908.8658838365,0.0805409354,294
16468,1945,1,10910.4185091778,0.0726527283,294
17379,1947,7,10921.856521162,0.0805409354,294
8340,1922,10,10940.7634158829,0.0735853499,299
31563,1986,5,10942.8541461241,0.0384207129,162
35003,1995,10,10950.1424453884,0.0727876144,297
17898,1948,12,10952.7900366922,0.0719728974,280
11840,1932,5,10957.2334932494,0.0619916232,258
27333,1974,10,10957.8694629854,0.0670049444,272
24046,1965,10,10973.8255508571,0.0672369735,272
29189,1979,11,10983.3489219888,0.0711827968,282
31655,1986,8,11036.8901461999,0.0964191604,346
29036,1979,6,11050.2859147451,0.0665043334,268
10043,1927,6,11066.7126867794,0.0690957588,277
10562,1928,11,11131.2130281022,0.0731262455,299
13301,1936,5,11152.8834382585,0.0506359025,212
34365,1994,1,11157.0385268128,0.0716083118,290
24227,1966,4,11168.0868429536,0.0658691115,273
21428,1958,8,11202.018431432,0.0952706356,343
29706,1981,4,11206.0224230127,0.0667485036,277
22312,1961,1,11209.5594233541,0.0690262352,281
15584,1942,8,11213.313926919,0.0952706356,343
15219,1941,8,11222.2440458131,0.0952706356,343
24715,1967,8,11233.6845086848,0.0952479042,343
23315,1963,10,11237.4195331462,0.067856705,275
14945,1940,11,11239.522034284,0.0667627363,271
21946,1960,1,11278.9479340488,0.0715267671,290
19724,1953,12,11295.4144061931,0.0826138838,305
23192,1963,6,11297.3148940003,0.067856705,275
8279,1922,8,11323.7852510619,0.0952479042,343
29464,1980,8,11348.3139980279,0.0952479042,343
30986,1984,10,11362.6258153823,0.0688227468,281
20698,1956,8,11378.0243903595,0.0950029352,342
14123,1938,8,11379.8581045206,0.0950029352,342
29006,1979,5,11404.4480288607,0.0460408751,194
36525,1999,12,11412.7221324143,0.0904202249,331
26907,1973,8,11424.8780482024,0.095963136,346
31167,1985,4,11446.8036872345,0.0593158492,248
27272,1974,8,11453.5094811893,0.0950017508,342
11779,1932,3,11461.6062793917,0.0690183239,286
30925,1984,8,11466.3663958207,0.0950017508,342
36403,1999,8,11518.4808005916,0.095963136,346
21489,1958,10,11525.4526604217,0.0665466597,270
35369,1996,10,11526.2861991808,0.0691589544,282
31137,1985,3,11539.8007480658,0.0681526508,283
16771,1945,11,11551.3386633419,0.0691589544,282
9283,1925,5,11561.2373378717,0.0484709807,204
12419,1933,12,11563.5763140928,0.0738159264,303
20851,1957,1,11587.476586203,0.0685495585,280
20301,1955,7,11593.1500066368,0.08061503,296
16406,1944,11,11609.1496321299,0.0764728631,307
16557,1945,4,11610.9884045055,0.0457208055,194
25081,1968,8,11615.9891416679,0.0960957284,347
17167,1946,12,11617.8610555408,0.0748611212,285
31746,1986,11,11619.6539745146,0.0579105411,242
18414,1950,5,11632.3718712075,0.0621227096,259
9709,1926,7,11633.9347409739,0.0818688295,300
36464,1999,10,11658.9051075167,0.0691508342,282
14304,1939,2,11678.9258191748,0.0685495585,280
14245,1938,12,11684.7538138084,0.0814001329,302
33969,1992,12,11686.9566377806,0.0729445698,300
14762,1940,5,11704.7075242718,0.0471717302,199
27425,1975,1,11721.8982905416,0.0685495585,280
31808,1987,1,11725.0123776927,0.067755965,277
27394,1974,12,11734.8822412583,0.0771941235,290
15949,1943,8,11745.7431593219,0.0960957284,347
18748,1951,4,11748.1760230203,0.0480654766,203
10227,1927,12,11748.8201276168,0.0752410277,283
12843,1935,2,11764.5179194478,0.0729494455,301
36677,2000,5,11775.8490926502,0.0497428399,209
35673,1997,8,11781.2425430446,0.0960957284,347
10105,1927,8,11781.3337046799,0.0960957284,347
28855,1978,12,11786.9609920168,0.0822108488,304
13696,1937,6,11791.2126441141,0.0673424322,273
27759,1975,12,11845.8256361878,0.082129066,304
20820,1956,12,11849.990386074,0.0812258433,301
19663,1953,10,11858.5575318568,0.0724373238,297
28733,1978,8,11875.8845143735,0.0960438895,347
11170,1930,7,11880.2668480734,0.0806705259,297
11354,1931,1,11897.9392255765,0.0729445698,300
21550,1958,12,11901.2116485892,0.0812258433,301
25415,1969,7,11911.2289565003,0.0706936816,280
19875,1954,5,11922.6051937955,0.0606938001,255
35308,1996,8,11936.639548885,0.0980852319,355
25811,1970,8,11950.8665617415,0.0979885387,355
26176,1971,8,11971.6012685831,0.0959259693,347
15645,1942,10,11989.6226391839,0.0687403211,281
36769,2000,8,11996.4650333738,0.0959259693,347
14854,1940,8,11998.5474533525,0.0959259693,347
20759,1956,10,12000.4148162546,0.0722353056,296
17045,1946,8,12007.182693037,0.0959259693,347
20148,1955,2,12010.5977320995,0.0725287371,299
19206,1952,7,12057.5830884026,0.0705658178,279
24837,1967,12,12057.8741988395,0.0811073772,301
27819,1976,2,12061.5896256826,0.0673447788,276
16284,1944,7,12066.2596328884,0.0815863755,301
23254,1963,8,12087.811798392,0.0978873438,355
18871,1951,8,12105.0769351107,0.0978873438,355
10471,1928,8,12121.7407510998,0.0978873438,355
29586,1980,12,12132.0179739647,0.0788961862,294
22036,1960,4,12160.6722447664,0.0594727576,250
18779,1951,5,12171.2912384329,0.0531995771,224
24350,1966,8,12184.974433973,0.0978860934,355
27698,1975,10,12186.0624525941,0.0722866989,296
31078,1985,1,12193.1515615519,0.0697803993,289
26114,1971,6,12196.7052724894,0.0661344734,269
19967,1954,8,12217.089118439,0.0977598225,355
15857,1943,5,12235.2382148817,0.0441349955,188
12965,1935,6,12251.2551388046,0.0661247607,269
21124,1957,10,12251.282454111,0.0689784271,268
21793,1959,8,12258.0568966171,0.0977598225,355
29372,1980,5,12269.660132547,0.0389308749,166
30559,1983,8,12278.1540551047,0.070762056,291
21063,1957,8,12306.724035763,0.0977002532,355
26845,1973,6,12316.9848063941,0.0661247607,269
11382,1931,2,12351.9683328277,0.0644456213,269
34334,1993,12,12356.2795125721,0.0787289632,293
9648,1926,5,12382.6961041793,0.0652160559,272
34546,1994,7,12383.0207211393,0.0893507063,326
26298,1971,12,12386.9152215754,0.0688213475,268
22889,1962,8,12402.005356872,0.0976104288,354
16102,1944,1,12421.7514174378,0.0676289268,282
19298,1952,10,12448.7234337075,0.0722030302,298
26237,1971,10,12492.8773228914,0.0721959841,298
18110,1949,7,12539.0502455628,0.0831957825,308
30802,1984,4,12557.5045462303,0.0463551908,197
22766,1962,4,12584.7936893204,0.0501458825,212
13546,1937,1,12610.4478439775,0.0566664944,240
8552,1923,5,12630.8064320388,0.0471071263,200
14092,1938,7,12643.7592062348,0.0702826859,280
12113,1933,2,12721.4070132357,0.0701206634,290
22980,1962,11,12746.4865959686,0.071671683,275
11748,1932,2,12748.9474552488,0.0496285483,211
30163,1982,7,12752.4954916945,0.0702826859,280
29555,1980,11,12768.1257395328,0.0719438938,297
32659,1989,5,12776.1744728459,0.0642239048,269
12144,1933,3,12816.1504427715,0.0583298709,246
20636,1956,6,12832.2240405036,0.0602136345,252
26815,1973,5,12845.6532112788,0.0461436698,196
34699,1994,12,12847.5040863926,0.0665961818,277
19602,1953,8,12862.5784544713,0.0822390664,305
18475,1950,7,12868.9327783677,0.0832332511,308
30132,1982,6,12885.6862105583,0.061094105,256
14457,1939,7,12889.6666461241,0.0718705975,284
29067,1979,7,12912.3318985134,0.0832332511,308
36038,1998,8,12958.1518602093,0.0710657662,284
14214,1938,11,12981.1526329263,0.054706204,231
21640,1959,3,13022.9142189396,0.0670661828,280
12085,1933,1,13061.1508978686,0.0630778712,266
27850,1976,3,13078.9551587151,0.0621023276,261
9344,1925,7,13108.7990414518,0.081969662,305
22493,1961,7,13141.5323545586,0.0818554132,304
17957,1949,2,13164.1799529733,0.0647845026,272
24441,1966,11,13173.9547794675,0.0699122162,291
16437,1944,12,13176.818821583,0.0683142406,274
37864,2003,8,13198.5436419144,0.0818554132,304
23436,1964,2,13199.9617671041,0.0670675425,280
15553,1942,7,13221.0938969584,0.0719093848,287
34303,1993,11,13247.3313912697,0.0706975656,293
17563,1948,1,13297.7745278368,0.0597080038,253
23711,1964,11,13316.008315003,0.0645825404,271
8067,1922,1,13337.1042693796,0.0597763282,254
28975,1979,4,13384.5780444099,0.0383964058,165
36099,1998,10,13427.3460823726,0.0640182966,268
17776,1948,8,13434.820511605,0.0767798198,290
29798,1981,7,13475.5847239078,0.0816199336,304
36860,2000,11,13492.150741429,0.0708048271,295
28490,1977,12,13523.7268137515,0.0639840177,271
13666,1937,5,13534.4119908601,0.0379517043,164
7975,1921,10,13543.7479473225,0.0580329108,245
12478,1934,2,13569.0942240595,0.0500291191,214
15188,1941,7,13575.942657767,0.0717008756,287
32932,1990,2,13581.3061855279,0.0647146753,272
30255,1982,10,13647.7528870221,0.0640182966,268
16922,1946,4,13727.7557266384,0.0402177194,173
26329,1972,1,13739.7633163304,0.0647146753,272
29433,1980,7,13744.3989494842,0.0706970516,284
23893,1965,5,13760.7475965185,0.0441077608,189
20667,1956,7,13785.6413408298,0.0706970516,284
23589,1964,7,13959.5654628717,0.0803497509,300
28824,1978,11,13974.6021692961,0.0708992586,296
36311,1999,5,13977.3306564776,0.0399226312,172
31412,1985,12,14003.2529391687,0.0628381363,265
21397,1958,7,14019.1968484527,0.0703206535,282
27575,1975,6,14046.5976846936,0.066007091,278
22646,1961,12,14067.4123274424,0.0609642196,260
32202,1988,2,14089.4791224211,0.0435770816,188
36007,1998,7,14190.4666309542,0.0418806897,179
22281,1960,12,14264.2128764032,0.0625832979,265
30528,1983,7,14346.2124355279,0.0348135702,151
36922,2001,1,14349.9636965261,0.0574892475,245
17623,1948,3,14390.1746292855,0.0544333062,233
35550,1997,4,14433.1748615746,0.0419753301,181
37468,2002,7,14445.9289005613,0.0780557957,292
29494,1980,9,14498.3519322664,0.0638147854,268
8036,1921,12,14516.1278490974,0.0622725723,260
21154,1957,11,14524.982047368,0.0675083731,283
37376,2002,4,14556.8971053929,0.0452855363,195
35033,1995,11,14560.4787194706,0.0617733057,263
16040,1943,11,14658.3928104141,0.0618561845,263
16649,1945,7,14693.2433370942,0.0680855525,267
19479,1953,4,14694.3177715413,0.0359126396,156
27728,1975,11,14714.9237522755,0.0499217523,214
25537,1969,11,14737.2629323422,0.0499199341,214
17714,1948,6,14753.4877171192,0.0628004773,266
8826,1924,2,14774.7765188865,0.0415257406,180
26784,1973,4,14785.764198081,0.0343146144,149
8248,1922,7,14805.0297661939,0.0673505234,272
16892,1946,3,14807.4432503413,0.0506049059,217
17745,1948,7,14841.1280813865,0.0678141213,266
30620,1983,10,14846.0746833283,0.0638073571,270
22128,1960,7,14885.8571729938,0.0711014084,275
8460,1923,2,15011.3785459648,0.0446152135,193
26937,1973,9,15061.0674207373,0.0641350664,270
18962,1951,11,15158.161208662,0.06732929,283
19540,1953,6,15212.9523854672,0.048540717,208
31106,1985,2,15252.6914015094,0.0495541978,214
34181,1993,7,15271.0081158981,0.0677337776,274
27606,1975,7,15355.1502057418,0.0677337776,274
10196,1927,11,15407.336136605,0.0671274043,283
10135,1927,9,15471.4984261226,0.0665377922,280
28702,1978,7,15489.4896133571,0.067693095,274
32720,1989,7,15537.121380556,0.0685292286,270
9528,1926,1,15539.461511112,0.0493371948,214
20058,1954,11,15552.1791518128,0.0671662465,284
37315,2002,2,15562.0376877275,0.0534084593,230
35764,1997,11,15612.7731862485,0.044368207,192
13362,1936,7,15630.4896797254,0.0676898716,275
23042,1963,1,15642.4262268659,0.0391731083,172
8613,1923,7,15666.0814766004,0.0716808905,293
10958,1929,12,15696.6342489002,0.0493383553,214
20971,1957,5,15731.6486460862,0.0335186478,147
15706,1942,12,15741.4446014108,0.0465754872,202
27180,1974,5,15794.3202698347,0.0325844266,143
32904,1990,1,15801.0853828504,0.0493831063,214
12450,1934,1,15828.4741447967,0.0464740874,202
24806,1967,11,15832.4994311286,0.0535418793,231
28641,1978,5,15903.6539602928,0.0350207837,157
15675,1942,11,15918.1372591778,0.0463925123,201
35795,1997,12,15923.4162431735,0.0613586181,259
20120,1955,1,15980.2227795055,0.0391029711,172
29220,1979,12,15997.2477624393,0.0631993162,270
22371,1961,3,16017.1381646314,0.0425778694,186
21519,1958,11,16036.7441027002,0.0534250224,231
19328,1952,11,16037.3283193644,0.0532873102,230
9222,1925,3,16038.9335273817,0.0494334859,214
32142,1987,12,16051.853667324,0.0494334859,214
15522,1942,6,16052.0641118022,0.039553537,171
26358,1972,2,16079.5601818492,0.0390813861,171
10501,1928,9,16083.2602254627,0.0640144287,271
10652,1929,2,16093.193757585,0.0465718015,202
29341,1980,4,16106.4246482479,0.030457601,135
34150,1993,6,16169.1516326608,0.0448947039,194
36646,2000,4,16193.2165551047,0.0316580009,139
14884,1940,9,16316.904799378,0.0639617882,271
36799,2000,9,16346.2321042552,0.0639617882,271
15310,1941,11,16435.9373388198,0.0490254874,213
28763,1978,9,16460.0410772527,0.0616645082,262
26267,1971,11,16505.8259301047,0.0463103056,201
16162,1944,3,16506.5810594281,0.0377786829,166
12935,1935,5,16523.8684532388,0.0391159035,172
37894,2003,9,16535.8569383343,0.0656949237,278
34242,1993,9,16592.6866324712,0.0616645082,262
19571,1953,7,16599.5583993856,0.0653183197,267
33694,1992,3,16612.4711345191,0.0395437255,174
36738,2000,7,16633.3021986878,0.0617100171,263
27363,1974,11,16642.854615443,0.0461698285,201
21093,1957,9,16684.7837672558,0.0606523258,259
17257,1947,3,16693.5479890397,0.0334017641,148
20575,1956,4,16747.6501204111,0.0294189007,131
8370,1922,11,16794.6593598301,0.0459111602,200
25902,1970,11,16804.0403092764,0.0437554425,191
31047,1984,12,16809.8126611802,0.0659176503,281
37833,2003,7,16810.7261690306,0.066630608,282
17075,1946,9,16821.2486252276,0.0606219848,259
35399,1996,11,16854.8966502958,0.0459177421,200
18901,1951,9,16857.3067164745,0.0629069634,267
19997,1954,9,16859.4391544675,0.0629069634,267
31259,1985,7,16861.8057209496,0.0682605047,282
9862,1926,12,16865.9722627806,0.0408126491,179
25384,1969,6,16874.9279050364,0.033482865,151
11688,1931,12,16908.9885562045,0.0471416483,206
30589,1983,9,16911.3160270024,0.0429472661,186
19693,1953,11,16912.1987115064,0.0459058207,200
20879,1957,2,17032.5831500303,0.0316177385,140
36494,1999,11,17055.567610361,0.0437499495,191
22006,1960,3,17127.9901585255,0.0391491588,172
16861,1946,2,17133.5334591171,0.0400571746,176
37346,2002,3,17211.4374051881,0.0385153794,170
26511,1972,7,17219.4076200319,0.0638231413,266
29676,1981,3,17230.2617661559,0.0331137723,147
11719,1932,1,17313.1893914973,0.0360295055,159
17226,1947,2,17315.8919144417,0.0382798641,169
18383,1950,4,17413.2252066899,0.0313304904,139
31532,1986,4,17469.5210672027,0.0298604549,136
24319,1966,7,17475.4928985892,0.0614204285,259
36068,1998,9,17517.9860484299,0.0457814521,199
18294,1950,1,17614.063599818,0.0310033673,138
17014,1946,7,17674.8077262212,0.0630843603,269
11017,1930,2,17680.1798154961,0.0331719997,147
35064,1995,12,17691.0255802488,0.0380662805,168
25050,1968,7,17719.487532236,0.0635996314,266
20789,1956,11,17733.80819554,0.0461601783,202
21581,1959,1,17839.0265094053,0.0325832155,145
21762,1959,7,17840.6459249848,0.0633631243,265
21366,1958,6,17847.5530282919,0.0317479465,140
26389,1972,3,17858.4709780795,0.0388098829,171
26876,1973,7,17925.3654666641,0.0609176892,257
24197,1966,3,17934.8874061362,0.0302260843,134
26145,1971,7,17945.5630214654,0.0654872623,278
26633,1972,11,17973.3181318265,0.0538344488,235
23832,1965,3,17996.9840194554,0.0368317551,163
18353,1950,3,18048.9861953883,0.0390433798,172
24076,1965,11,18049.5067411256,0.042508977,186
30894,1984,7,18064.8528993477,0.060437424,259
32628,1989,4,18112.6113470874,0.0324654893,144
27241,1974,7,18225.2649139108,0.0624371472,267
10989,1930,1,18227.7358398438,0.0292871702,130
18840,1951,7,18238.1591133192,0.0596782362,257
14823,1940,7,18256.903069061,0.0556193195,240
35277,1996,7,18271.9638245221,0.065917618,280
19755,1954,1,18423.546652192,0.0294039392,131
29617,1981,1,18488.8611432418,0.0297310856,133
22858,1962,7,18521.7309807342,0.0658909014,280
20089,1954,12,18552.6463990443,0.0511409764,224
15918,1943,7,18554.0942714654,0.0485578271,211
9617,1926,4,18638.9899167552,0.0268018544,122
36372,1999,7,18647.9044770176,0.0581704357,251
23954,1965,7,18658.4722532995,0.0593921786,257
36556,2000,1,18682.0533269493,0.0294113047,132
31624,1986,7,18684.4250654202,0.0593921786,257
10074,1927,7,18772.4089426578,0.0601261331,259
21032,1957,7,18780.603667324,0.0582374292,251
25780,1970,7,18784.0986944402,0.0582374292,251
10440,1928,7,18817.588265132,0.0582374292,251
35642,1997,7,18926.2414005613,0.0454653741,199
23223,1963,7,18951.461838213,0.0593051074,257
19449,1953,3,19017.6496131675,0.0314420902,141
19936,1954,7,19042.9199266156,0.0483762652,211
25203,1968,12,19097.2768981341,0.0362139004,161
31836,1987,2,19135.964995449,0.0302160372,136
21185,1957,12,19255.9863660498,0.029426763,132
28886,1979,1,19288.7313125758,0.0276334526,125
9831,1926,11,19358.2010912849,0.0439467122,194
31685,1986,9,19403.1180076229,0.032557835,145
19510,1953,5,19543.3026206007,0.0297220945,134
16527,1945,3,19578.2912621359,0.0288179165,131
13635,1937,4,19676.7803682494,0.0296745672,137
23345,1963,11,19689.5752237561,0.0421001278,186
26053,1971,4,19700.0682930067,0.0278852502,127
36981,2001,3,19808.382063486,0.0247179073,112
27514,1975,4,19856.0201190837,0.0282339601,130
22736,1962,3,19890.011917855,0.0257342428,116
31016,1984,11,19897.5584136074,0.0374468886,167
23407,1964,1,19914.2672652458,0.0253781601,115
13270,1936,4,19952.2719110285,0.0301367176,138
10013,1927,5,19997.3008191748,0.0253943492,115
31867,1987,3,20054.0716493477,0.0232854708,106
30224,1982,9,20254.1252607327,0.0305347431,137
24868,1968,1,20326.0477188258,0.0225554464,102
35520,1997,3,20469.6139544144,0.0289024541,133
10287,1928,2,20476.6252654733,0.0217099415,100
10348,1928,4,20789.7292836013,0.0278532072,127
37711,2003,3,20839.1572076001,0.0250461543,113
26664,1972,12,20843.5344451608,0.0227546765,103
10258,1928,1,21033.3593939624,0.0255722904,116
34393,1994,2,21140.6425402002,0.0214030293,98
13849,1937,11,21330.7204755765,0.0310289798,139
31443,1986,1,21333.5700944326,0.023955668,110
8521,1923,4,21501.2250644721,0.0259874096,121
17653,1948,4,21555.5323782615,0.0210924139,98
15431,1942,3,21945.6570653823,0.021064406,98
25992,1971,2,22075.3456841626,0.0199851575,91
15826,1943,4,22158.067458662,0.0264314742,124
24138,1966,1,22191.1452138956,0.0206964845,96
36129,1998,11,22326.6154714047,0.0236308539,107
9252,1925,4,22357.3261149879,0.0252646673,118
34120,1993,5,22553.2180578732,0.0264961163,123
24166,1966,2,22605.9201304612,0.0194421241,90
32173,1988,1,22766.9453030188,0.018659131,88
19418,1953,2,22769.0488755309,0.0202621614,94
29645,1981,2,22880.9491903064,0.0194930715,90
23162,1963,5,22897.7626479066,0.025197906,118
37741,2003,4,23020.6809674606,0.0195331149,92
36280,1999,4,23129.0349476638,0.0198959105,94
28945,1979,3,23178.6336089199,0.0208873299,98
23101,1963,3,23237.9865461924,0.0195776273,91
26084,1971,5,23255.5893128034,0.0248512049,116
25476,1969,9,23325.6814984072,0.0237658262,108
16131,1944,2,23357.6206860589,0.0209530908,98
36950,2001,2,23456.1114134557,0.0189847063,89
12874,1935,3,23612.563049909,0.0188968772,89
8156,1922,4,23923.6685565837,0.0199830333,94
8432,1923,1,23928.9202821602,0.018876113,89
17684,1948,5,24147.9194762591,0.0207999749,97
12815,1935,1,24161.4249658677,0.0162136073,77
19267,1952,9,24282.531050895,0.0230888472,105
37680,2003,2,24325.4114362106,0.0193064877,90
24015,1965,9,24555.8937253489,0.0206043609,94
27302,1974,9,24593.7090886681,0.0206043609,94
24745,1967,9,24712.1202214806,0.0221641352,101
23011,1962,12,24712.360977321,0.0198259341,93
15979,1943,9,24776.1545244235,0.0221618489,101
14153,1938,9,24876.6602131371,0.0198767695,91
8309,1922,9,24918.7540863926,0.0215776073,99
34972,1995,9,25069.1944307494,0.0214278023,98
18718,1951,3,25085.7190344357,0.017409834,82
26206,1971,9,25221.5535687197,0.0197283801,90
23284,1963,9,25313.4024480431,0.019679534,90
36433,1999,9,25322.2179630613,0.0197283801,90
13911,1938,1,25371.2960785801,0.0181133153,86
14641,1940,1,25375.946516611,0.0159973097,78
19632,1953,9,25394.2512230734,0.0208726182,96
25841,1970,9,25453.7787374848,0.0213772462,98
15614,1942,9,25478.125701608,0.019678384,90
20728,1956,9,25498.2284302943,0.019679534,90
21458,1958,9,25545.1800003792,0.0196914008,90
27545,1975,5,25580.0965848756,0.0179056167,85
35703,1997,9,25671.7904372725,0.0213144337,98
30955,1984,9,25741.8335766839,0.0196178651,90
27667,1975,9,25943.495041338,0.0190797402,88
15249,1941,9,26070.3413702215,0.0191138927,88
35338,1996,9,26262.3758722694,0.0191103142,88
19359,1952,12,26444.110474818,0.0198263332,95
24653,1967,6,26463.463791338,0.0189089561,90
11048,1930,3,26493.625749014,0.0171599986,83
8126,1922,3,26531.9488395024,0.018883605,90
22340,1961,2,26636.7977946754,0.0175965201,85
8401,1922,12,26640.9229558556,0.0188803245,90
37256,2001,12,26668.2912242112,0.0177886461,86
33663,1992,2,26712.6091569326,0.0164464684,80
21975,1960,2,26741.2076949333,0.0168773458,81
13240,1936,3,26890.8125758495,0.0176930614,85
33328,1991,3,26896.6864665504,0.0164194542,80
24928,1968,3,27304.5456045206,0.0172307609,83
19844,1954,4,27538.8531553398,0.0159714886,78
14061,1938,6,27597.8914119387,0.0174875048,83
15492,1942,5,27672.7097428701,0.0164962998,80
9893,1927,1,27885.2666300061,0.0156082085,76
19175,1952,6,28246.4185376214,0.0170079044,81
34880,1995,6,28341.6738944933,0.0169921768,81
30285,1982,11,28549.2279183101,0.0171143936,83
28914,1979,2,28740.0308233465,0.0160931495,79
20910,1957,3,28805.9844887743,0.0154692597,76
22950,1962,10,29055.8755973149,0.0205282178,98
30102,1982,5,29321.0960918538,0.0156858514,78
30772,1984,3,29526.8899992415,0.016092802,79
8217,1922,6,29653.9661900789,0.017257549,84
29920,1981,11,30135.6146749848,0.0180687343,87
36160,1998,12,30243.2780738016,0.0173638982,84
35185,1996,4,30485.61288304,0.0121806341,62
25658,1970,3,30520.4970229066,0.0161072687,79
28610,1978,4,30852.5301122573,0.0154078323,78
23801,1965,2,31202.4206045206,0.0161514238,79
20606,1956,5,31589.3424510771,0.0148509144,74
24472,1966,12,31779.7707638046,0.0127373821,63
18322,1950,2,31848.4358218295,0.012688744,63
20545,1956,3,32316.1965260922,0.0125123168,63
35826,1998,1,32519.6664991657,0.0080560116,42
19814,1954,3,32718.5778879703,0.0126573513,63
23862,1965,4,33233.9309200546,0.0121673109,62
18993,1951,12,33304.2493552791,0.012333787,62
8095,1922,2,33354.325669372,0.012172447,62
26023,1971,3,33399.8389999241,0.0126532762,63
34089,1993,4,33658.7437803398,0.015639858,78
35216,1996,5,33769.2838668083,0.0157386735,79
15127,1941,5,33770.5727207221,0.0154391902,78
13180,1936,1,33838.1993799302,0.0123357351,62
21216,1958,1,34018.5714786863,0.0123357351,62
35095,1996,1,34273.0133684769,0.0123521353,62
21336,1958,5,34277.8791812045,0.0147458029,74
13605,1937,3,34282.894028747,0.0110500027,57
30741,1984,2,34532.6775921572,0.0120906973,62
13574,1937,2,35009.2486915959,0.0109710652,56
17988,1949,3,35700.5841455552,0.0137123125,70
24592,1967,4,36086.5442961165,0.0126572095,66
37621,2002,12,36597.6375436135,0.0139615045,71
36191,1999,1,36755.8419390928,0.0123435355,62
25568,1969,12,36817.4471992567,0.0139615045,71
25323,1969,4,36923.8142445388,0.0109548175,57
9556,1926,2,36944.1674757282,0.0126106779,65
9982,1927,4,36998.4856075546,0.0126106779,65
27088,1974,2,37099.6422842081,0.0136996217,70
9952,1927,3,37198.128005537,0.0136996217,70
14976,1940,12,37525.0851600425,0.0136754053,70
15461,1942,4,37615.5902040352,0.0123884218,64
37772,2003,5,37763.3062234527,0.012352127,62
12904,1935,4,38114.2352377882,0.0125767231,65
21609,1959,2,38139.8333017294,0.0136996217,70
24623,1967,5,38691.810546875,0.0140202041,72
15341,1941,12,39132.4860247269,0.0079948,42
24503,1967,1,39316.8063941141,0.0079808133,41
30497,1983,6,39367.0493590716,0.0140202041,72
24897,1968,2,40315.1673619539,0.0125847941,65
35946,1998,5,40374.2254247573,0.0107835403,56
34059,1993,3,40733.171173392,0.0137062797,70
25354,1969,5,41087.0102396845,0.0109770909,57
32598,1989,3,41643.7552715413,0.0125710618,65
16833,1946,1,41942.5487333131,0.0079933955,42
35915,1998,4,43338.5139752731,0.0069511375,37
18597,1950,11,43489.6240139563,0.0136022728,70
24562,1967,3,43596.9448194782,0.0078088257,41
29311,1980,3,43871.426482858,0.0069511375,37
37287,2002,1,43903.7929877124,0.0063376531,33
19783,1954,2,44066.1622421117,0.0063782478,34
25964,1971,1,44096.1820577973,0.00791391,41
25933,1970,12,44151.2884557039,0.0063376531,33
27453,1975,2,44715.9043727245,0.0077301607,41
16496,1945,2,44990.6491770328,0.0079404995,42
24531,1967,2,45642.0528102245,0.0063015539,33
25293,1969,3,46407.1037621359,0.0067055557,36
15765,1943,2,46571.3751137743,0.0065200885,35
26754,1973,3,46624.8431052791,0.0065200885,35
26998,1973,11,46641.1206386529,0.0063015539,33
15737,1943,1,46953.055787318,0.005471337,29
34819,1995,4,47159.4163569478,0.0054653344,29
34028,1993,2,47250.5573611954,0.0065200885,35
28549,1978,2,47839.9841664138,0.0074872333,40
8187,1922,5,48352.8591095267,0.0122958775,65
30467,1983,5,49334.1809010922,0.0111291578,60
34000,1993,1,49503.4535611347,0.0063970868,34
22705,1962,2,49558.4347883799,0.0063970868,34
36616,2000,3,49872.3329224818,0.0063097424,34
15096,1941,4,50778.7087568265,0.0044285284,24
30712,1984,1,50847.4141004248,0.0060709872,33
35976,1998,6,51030.9903481493,0.0077285129,41
14031,1938,5,51124.2492035801,0.0066940323,36
34758,1995,2,51170.4445919296,0.0073531592,39
28521,1978,1,51582.3824901396,0.0044963854,24
19084,1952,3,52745.1053929005,0.0062932932,34
27149,1974,4,52837.272034284,0.0062590956,34
14731,1940,4,53053.2743097694,0.0062932932,34
19114,1952,4,53301.2034094357,0.0060655577,33
23742,1964,12,53569.5075849515,0.003691394,20
35430,1996,12,53610.0478989685,0.0063264212,35
18659,1951,1,53628.6755916262,0.0062590956,34
36250,1999,3,53872.5934086772,0.00626963,34
30436,1983,4,53903.495240443,0.0065573491,36
14670,1940,2,54001.5938827367,0.0044267473,24
9191,1925,2,54344.4598945692,0.0032819349,18
35489,1997,2,54547.3762704794,0.0063264212,35
19145,1952,5,54697.8918575546,0.0066587015,36
14000,1938,4,54971.3167854976,0.0062923484,34
34850,1995,5,55212.7381674757,0.0053098678,29
15796,1943,3,55596.1415162318,0.0047634212,26
13880,1937,12,56208.6877275485,0.0044580836,24
37652,2003,1,56619.7276243932,0.0044487005,24
28580,1978,3,56799.1023589199,0.0032547387,18
35155,1996,3,57430.3820160801,0.0044579471,24
27029,1973,12,57729.8242566748,0.0044487005,24
23070,1963,2,58583.4915807039,0.0042283747,23
30316,1982,12,58698.6583927488,0.0047284017,26
30650,1983,11,58731.1013349515,0.0047284017,26
18687,1951,2,58863.7542854976,0.0042283747,23
27484,1975,3,59078.6433935073,0.0038873375,22
20454,1955,12,59306.5796988774,0.0015832071,9
26695,1973,1,59755.1722542476,0.0038873375,22
16802,1945,12,60267.038360892,0.0035110548,19
15372,1942,1,60477.147034284,0.004113542,23
10318,1928,3,61489.3857137439,0.0032446715,18
19024,1952,1,62502.3182456007,0.0029908859,17
29982,1982,1,62818.4244918083,0.0041050211,23
30041,1982,3,63502.6069478155,0.00373586,21
19053,1952,2,63924.7078276699,0.0035003702,19
25627,1970,2,64101.3461771845,0.0038466615,21
13209,1936,2,64388.7384139866,0.0032460703,18
15066,1941,3,65858.3819402306,0.004330577,24
20514,1956,2,65983.2167399879,0.004330577,24
35885,1998,3,66077.7041489685,0.0035847333,20
30347,1983,1,66860.3457789745,0.0032684854,18
26723,1973,2,67304.4746662621,0.002984015,17
23131,1963,4,69848.8301160498,0.001527033,9
19390,1953,1,69990.6248293386,0.0014874012,8
29251,1980,1,70049.9952025182,0.0035111486,20
21275,1958,3,70561.1982516687,0.001526828,9
15007,1941,1,70564.5920244236,0.0019394575,11
21305,1958,4,71406.6900219964,0.0016475636,9
36585,2000,2,71454.3409814927,0.0009428832,5
18628,1950,12,72563.9861574636,0.0022504816,13
36219,1999,2,73037.3469356796,0.0009428832,5
29951,1981,12,74813.4898551274,0.0009493284,5
30010,1982,2,74899.2718446602,0.00095693,5
27119,1974,3,76705.3737674454,0.0004564331,3
34730,1995,1,77811.730620449,0.0017588631,10
14701,1940,3,78058.8404315837,0.0014683199,8
15035,1941,2,78654.1790617415,0.0007267425,4
25234,1969,1,79742.1479824029,0.0006263318,4
29280,1980,2,82034.1969432646,0.0006263318,4
23773,1965,1,82854.235076608,0.0007292524,4
31502,1986,3,84860.3316709648,0.0008281613,5
35124,1996,2,86765.7161900789,0.0008249339,5
27060,1974,1,87620.6595684163,0.0008249339,5
9921,1927,2,88127.5846101335,0.0009246695,5
30071,1982,4,88207.9644455401,0.0008164036,5
25262,1969,2,88545.4358881978,0.0010281136,6
15400,1942,2,89684.0943188714,0.0006009293,4
13939,1938,2,93451.1335520328,0.0006691008,4
13970,1938,3,95447.6206955401,0.0004026965,2
20485,1956,1,99251.9004475121,9.59953074635922E-05,1
21244,1958,2,100460.703068113,0.0008694147,5
30681,1983,12,104840.597049454,9.58382613842175E-05,1
30375,1983,2,106085.802639563,0.0002845594,2
34789,1995,3,111852.499544903,0.000240678,1
31471,1986,2,114246.312803398,0.000240678,1
35854,1998,2,115856.554990898,0.0002409353,1
25599,1970,1,117226.473490595,0.0002407875,1
30406,1983,3,127375.945919296,0.0002309026,1
35461,1997,1,128899.510770631,0.0002409353,1
